category_illustrated,question_id,mode,question,generated_answer,factual_correctness,groundedness_faithfulness,refusal_behaviour,hallucination_claim_count,citation_correctness,scorer_notes
No-RAG hallucination,ADM-06,A_no_rag,What is the eligibility requirement for a student applying to GITAM as a Foreign National (FN)?,"For a foreign national (FN) applying to GITAM University in India, the following eligibility requirements typically apply:

1. Academic Qualifications: The student should have completed their higher secondary education (equivalent to 12 years of schooling) from a recognized board or university. The qualifications should be equivalent to those recognized by the Association of Indian Universities (AIU).

2. English Proficiency: Since the medium of instruction at GITAM University is English, foreign nationals are required to provide proof of English proficiency. This can be demonstrated through scores from tests like TOEFL (Test of English as a Foreign Language), IELTS (International English Language Testing System), or PTE (Pearson Test of English).

3. Visa and Permit: The student should have a valid student visa and study permit issued by the Government of India.

4. Health Insurance: It is mandatory for foreign students to have health insurance coverage during their stay in India.

5. Admission Process: The student should apply through the prescribed application form, which can be obtained from the GITAM University website or the admissions office. The application should be accompanied by the necessary documents, such as academic transcripts, passport, and other relevant certificates.

6. Entrance Exam: Depending on the course, some programs may require the student to appear for an",0,N/A,N/A,6,N/A,"The frozen evidence only requires holding a foreign passport. The answer replaces this with six unsupported eligibility/process requirements such as academic-equivalence, English testing, visa/study permit, health insurance, application requirements and entrance-exam requirements."
Successful RAG grounding,ADM-07,B_standard_rag,"For the 2026-27 admission cycle, what examination and counseling process is used for admission to the MBBS programme at GITAM (GIMSR)?","The examination and counseling process for admission to the MBBS programme at GITAM (GIMSR) for the 2026-27 admission cycle is the NEET - UG Counseling 2026 conducted online by the Medical Counseling Committee (MCC), DGHS, New Delhi. (Source: https://www.gitam.edu/gimsr/admissions/under-graduate)",2,2,correct,0,2,Correctly states NEET-UG Counseling 2026 conducted online by MCC/DGHS and cites the verified GIMSR admissions page.
"Generator self-refusal (gate passed, model still refused)",OOD-09,C_thresholded_rag,"According to GITAM's online Scholarship Calculator, what exact scholarship amount (in rupees) would a student with a combined parental income of Rs. 9 lakh per annum receive?",INSUFFICIENT_EVIDENCE,0,2,correct,0,N/A,"The exact scholarship amount requested is unsupported by the frozen corpus. Although this query passed the similarity gate, the generator correctly self-refused rather than fabricating a value."
Threshold false refusal,POL-04,C_thresholded_rag,Which version of GITAM's academic regulations applies to MBA programmes for the 2024-25 admitted batch?,INSUFFICIENT_EVIDENCE,0,2,incorrect,0,N/A,"The top retrieved academic-regulations chunk explicitly states 'R24PG: Academic Regulations - Version B1.0 (Applicable for MBA programmes for 2024-25 Admitted Batch)'. The gate rejected it at 0.699, just below the 0.70 threshold, so this is a false refusal despite sufficient evidence."
Entity substitution,OOD-08,A_no_rag,What is the exact date of the GAT 2027 entrance exam?,"I don't have real-time data, but I can tell you that the Graduate Aptitude Test in Engineering (GATE) is usually conducted annually in February and March. However, the exact date for GATE 2027 has not been announced yet. You can check the official GATE website (gate.iitb.ac.in) for the most accurate and up-to-date information.",0,N/A,N/A,2,N/A,The answer substitutes GATE for GITAM's GAT and provides unsupported claims about GATE being held in February/March and the 2027 date not being announced. This is an entity-substitution failure.
Corpus/source ambiguity (excluded from primary aggregates),LDR-03,B_standard_rag,Who is the Director of GITAM School of Science at the Visakhapatnam campus?,S Sushma Raj (Source: https://www.gitam.edu/about/leadership),0,0,incorrect,1,0,"[conflict_case] The retrieved leadership text is structurally ambiguous and conflicts with the frozen ground truth. The model states S Sushma Raj as Director of the School of Science at Visakhapatnam, but that relationship is not cleanly supported by the flattened source text. Count one unsupported leadership claim. Exclude this row from primary aggregate metrics."
